Date,PM10 ( µg/m3 ),PM 2.5 ( µg/m3 ),NOX ( µg/m3 )
01.11.2023 00:00:56,140.91,32.46,181.59
01.11.2023 01:00:56,130.73,31.16,79.33
01.11.2023 02:00:56,111.21,27.37,72.99
01.11.2023 03:00:56,90.39,21.52,46.58
01.11.2023 04:00:56,70.66,17.71,36.43
01.11.2023 05:00:56,55.2,14.45,59.63
01.11.2023 06:00:56,51.87,14.48,45.32
01.11.2023 07:00:56,57.08,15.32,49.88
01.11.2023 08:00:56,61.41,15.57,66.94
01.11.2023 09:00:56,71.4,15.62,132.77
01.11.2023 10:00:56,86.46,16.57,73.33
01.11.2023 11:00:56,85.72,16.63,54.7
01.11.2023 12:00:56,76.18,14.75,19.15
01.11.2023 13:00:56,59.46,10.48,7.5
01.11.2023 14:00:56,43.92,7.62,7.99
01.11.2023 15:00:56,33.5,6.92,7.96
01.11.2023 16:00:56,26.61,6.81,7.94
01.11.2023 17:00:56,23.81,1.03,9.43
01.11.2023 18:00:56,26.78,0,14.72
01.11.2023 19:00:56,36.5,1.46,33.26
01.11.2023 20:00:56,53.42,10.74,27.63
01.11.2023 21:00:56,52.14,14.63,47.08
01.11.2023 22:00:56,47.22,16.7,63.77
01.11.2023 23:00:56,0,0,0
02.11.2023 00:00:56,0,0,0
02.11.2023 01:00:56,0,0,0
02.11.2023 02:00:56,0,0,0
02.11.2023 03:00:56,0,0,0
02.11.2023 04:00:56,0,0,0
02.11.2023 05:00:56,0,0,0
02.11.2023 06:00:56,0,0,0
02.11.2023 07:00:56,0,0,0
02.11.2023 08:00:56,0,0,0
02.11.2023 09:00:56,0,0,0
02.11.2023 10:00:56,0,0,0
02.11.2023 11:00:56,0,0,66.75
02.11.2023 12:00:56,0,0,53.6
02.11.2023 13:00:56,0,0,24.67
02.11.2023 14:00:56,0,0,22.73
02.11.2023 15:00:56,0,0,21.03
02.11.2023 16:00:56,0,0,25.45
02.11.2023 17:00:56,0,0,27.87
02.11.2023 18:00:56,5.32,0,28.57
02.11.2023 19:00:56,27.13,0,52.12
02.11.2023 20:00:56,48.02,0,33.96
02.11.2023 21:00:56,45.73,0,39.03
02.11.2023 22:00:56,45,1.82,13.66
02.11.2023 23:00:56,52.49,2.25,23.54
03.11.2023 00:00:56,39.25,0,20.19
03.11.2023 01:00:56,25.44,0,43.25
03.11.2023 02:00:56,10.95,0,17.64
03.11.2023 03:00:56,2.28,0,13.06
03.11.2023 04:00:56,1.51,0,10.37
03.11.2023 05:00:56,0,0,11.55
03.11.2023 06:00:56,0,0.23,11
03.11.2023 07:00:56,0,0.95,14.53
03.11.2023 08:00:56,0,4.46,68.85
03.11.2023 09:00:56,0,5.92,94.85
03.11.2023 10:00:56,0,6.8,49.62
03.11.2023 11:00:56,0,6.79,20.69
03.11.2023 12:00:56,13.39,5.26,20.46
03.11.2023 13:00:56,25.89,6.14,4.82
03.11.2023 14:00:56,32.42,5.49,5.53
03.11.2023 15:00:56,32.39,4.81,5.3
03.11.2023 16:00:56,35.79,5.2,6.37
03.11.2023 17:00:56,36.04,6.08,6.93
03.11.2023 18:00:56,36.78,6.46,15.4
03.11.2023 19:00:56,40.56,10.58,44.1
03.11.2023 20:00:56,48.9,15.4,90.21
03.11.2023 21:00:56,59.61,19.32,84.49
03.11.2023 22:00:56,70.16,23.77,172.86
03.11.2023 23:00:56,0,24.16,73.56
04.11.2023 00:00:56,0,23.09,66.17
04.11.2023 01:00:56,0,20.73,59.39
04.11.2023 02:00:56,70.98,18.5,56.57
04.11.2023 03:00:56,0,18.18,55.73
04.11.2023 04:00:56,0,16.66,50.17
04.11.2023 05:00:56,0,15.37,44.15
04.11.2023 06:00:56,0,13.91,35.35
04.11.2023 07:00:56,0,11.8,32.55
04.11.2023 08:00:56,0,10.27,43.39
04.11.2023 09:00:56,0,10.31,95.67
04.11.2023 10:00:56,0,11.89,78.33
04.11.2023 11:00:56,67.4,11.44,42.8
04.11.2023 12:00:56,61.88,11.27,16.15
04.11.2023 13:00:56,53.32,8.64,10.38
04.11.2023 14:00:56,45.2,7.62,9.71
04.11.2023 15:00:56,38.03,5.22,7.03
04.11.2023 16:00:56,34.11,6.02,7.14
04.11.2023 17:00:56,35.92,7.04,9.08
04.11.2023 18:00:56,41.17,9.99,22.45
04.11.2023 19:00:56,50.2,15.41,38.79
04.11.2023 20:00:56,62.26,21.59,31.75
04.11.2023 21:00:56,62.39,20.45,19.87
04.11.2023 22:00:56,56.27,17.61,16.7
04.11.2023 23:00:56,55.77,14.89,43.76
05.11.2023 00:00:56,67.16,16.03,44.76
05.11.2023 01:00:56,67.57,18.43,52.13
05.11.2023 02:00:56,64.22,19.62,41.01
05.11.2023 03:00:56,61.3,17.81,40.08
05.11.2023 04:00:56,58.14,16.45,19.92
05.11.2023 05:00:56,57.66,13.47,6.48
05.11.2023 06:00:56,55.52,12.07,3.78
05.11.2023 07:00:56,54.09,11.14,7.76
05.11.2023 08:00:56,54.3,11.21,7.71
05.11.2023 09:00:56,55.71,12.6,17.14
05.11.2023 10:00:56,56.66,13,8.72
05.11.2023 11:00:56,57.92,11.51,8.21
05.11.2023 12:00:56,57.66,11.58,4.44
05.11.2023 13:00:56,47,9.71,3.12
05.11.2023 14:00:56,39.75,8.59,4.16
05.11.2023 15:00:56,38.77,9.53,6.2
05.11.2023 16:00:56,43.02,9.69,4.6
05.11.2023 17:00:56,54.86,12.17,4.13
05.11.2023 18:00:56,74.04,15.35,6.93
05.11.2023 19:00:56,87.73,17.5,19.67
05.11.2023 20:00:56,94.68,19.49,24.23
05.11.2023 21:00:56,99.14,22.18,17.16
05.11.2023 22:00:56,107.05,23.49,11.53
05.11.2023 23:00:56,119.18,22.4,14.62
06.11.2023 00:00:56,122.57,22.32,10.31
06.11.2023 01:00:56,137.64,22.28,5.16
06.11.2023 02:00:56,150.03,22.46,31.88
06.11.2023 03:00:56,152.14,22.64,3.66
06.11.2023 04:00:56,150.71,22.58,2.62
06.11.2023 05:00:56,148.35,22.82,5.74
06.11.2023 06:00:56,141.65,22.36,7.97
06.11.2023 07:00:56,132.16,22.78,10.24
06.11.2023 08:00:56,130.97,23.77,15.89
06.11.2023 09:00:56,142.62,24.96,23.4
06.11.2023 10:00:56,154.33,25.67,9.06
06.11.2023 11:00:56,149.4,23.74,4.88
06.11.2023 12:00:56,126.8,18.9,3.59
06.11.2023 13:00:56,98.73,15.43,6.23
06.11.2023 14:00:56,78.69,11.68,4.85
06.11.2023 15:00:56,59.49,1.36,3.37
06.11.2023 16:00:56,50.21,0.47,2.96
06.11.2023 17:00:56,42.35,5.73,5.41
06.11.2023 18:00:56,36.88,10.12,19.63
06.11.2023 19:00:56,40.07,11.29,29.2
06.11.2023 20:00:56,50.82,16.73,67.02
06.11.2023 21:00:56,67.66,18.42,48.22
06.11.2023 22:00:56,71.26,19.93,50.25
06.11.2023 23:00:56,70.43,21.73,58.31
07.11.2023 00:00:56,78.04,21.19,51.87
07.11.2023 01:00:56,81.07,16.54,47.39
07.11.2023 02:00:56,78.2,9.84,43.37
07.11.2023 03:00:56,72.1,12.09,49.84
07.11.2023 04:00:56,63.82,13.7,43.99
07.11.2023 05:00:56,56.34,13.48,42.21
07.11.2023 06:00:56,51.94,13.54,51.04
07.11.2023 07:00:56,45.02,14.01,59.7
07.11.2023 08:00:56,41.9,14.16,72.52
07.11.2023 09:00:56,44.35,14.85,93.08
07.11.2023 10:00:56,46.16,13.88,62.49
07.11.2023 11:00:56,52.48,12.34,40.49
07.11.2023 12:00:56,53.39,10.87,16.09
07.11.2023 13:00:56,48.31,9.98,3.54
07.11.2023 14:00:56,38.91,7.24,2.63
07.11.2023 15:00:56,29.46,6.02,4.05
07.11.2023 16:00:56,25.83,6.3,4.31
07.11.2023 17:00:56,23.34,7.33,6.09
07.11.2023 18:00:56,25.72,7.77,36.73
07.11.2023 19:00:56,37.49,10.93,103.65
07.11.2023 20:00:56,65.89,16.8,133.88
07.11.2023 21:00:56,101.27,23.72,111.29
07.11.2023 22:00:56,128.5,28.49,101.25
07.11.2023 23:00:56,136.15,26.54,86.73
08.11.2023 00:00:56,120.97,23.92,81.41
08.11.2023 01:00:56,99.61,19.25,55.67
08.11.2023 02:00:56,78.98,12.84,48.18
08.11.2023 03:00:56,66.73,12.7,54.2
08.11.2023 04:00:56,57,14.73,50.95
08.11.2023 05:00:56,52.42,14.42,54.81
08.11.2023 06:00:56,45.79,14.6,62.04
08.11.2023 07:00:56,43.05,12.71,60.38
08.11.2023 08:00:56,0,13.49,86.79
08.11.2023 09:00:56,45.96,14.15,73.48
08.11.2023 10:00:56,52.11,15.18,64.9
08.11.2023 11:00:56,57.34,14.71,46.71
08.11.2023 12:00:56,56.05,11.85,30.03
08.11.2023 13:00:56,54.18,11.02,11.59
08.11.2023 14:00:56,43.23,9.25,6.85
08.11.2023 15:00:56,35.77,8.72,4.87
08.11.2023 16:00:56,34.01,8.83,4.67
08.11.2023 17:00:56,36.68,10.67,6.21
08.11.2023 18:00:56,43.27,11.67,30.81
08.11.2023 19:00:56,57.82,14.48,109.67
08.11.2023 20:00:56,85.85,20.56,132.9
08.11.2023 21:00:56,106.27,26.66,120.02
08.11.2023 22:00:56,116.1,27.7,89.79
08.11.2023 23:00:56,122.32,27.97,100.09
09.11.2023 00:00:56,123.56,28.6,93.46
09.11.2023 01:00:56,117.29,25.91,94.29
09.11.2023 02:00:56,110.76,23.14,87.38
09.11.2023 03:00:56,103.55,22.81,78.88
09.11.2023 04:00:56,98.29,21.76,57.91
09.11.2023 05:00:56,88.88,20.11,49.57
09.11.2023 06:00:56,80.87,18.84,54.8
09.11.2023 07:00:56,75.06,20.03,59.71
09.11.2023 08:00:56,73.46,18.79,51.76
09.11.2023 09:00:56,75.17,18.24,114.71
09.11.2023 10:00:56,84.49,20.08,103.5
09.11.2023 11:00:56,92.45,19.09,64.66
09.11.2023 12:00:56,92.35,19.63,41.5
09.11.2023 13:00:56,88.97,20.29,21.82
09.11.2023 14:00:56,85.07,20.76,14.09
09.11.2023 15:00:56,84.18,19.62,9.63
09.11.2023 16:00:56,87.6,20.33,8.59
09.11.2023 17:00:56,81.61,18.96,12.76
09.11.2023 18:00:56,71.84,18.7,32.64
09.11.2023 19:00:56,60.8,15.76,45.6
09.11.2023 20:00:56,53.15,11.49,55.8
09.11.2023 21:00:56,51.07,9.31,47.23
09.11.2023 22:00:56,44.74,8.13,39.75
09.11.2023 23:00:56,37.8,6.94,28.49
10.11.2023 00:00:56,31.32,5.35,25.24
10.11.2023 01:00:56,27.01,3.85,27.08
10.11.2023 02:00:56,23.22,0.35,30.16
10.11.2023 03:00:56,24.32,1.44,27.02
10.11.2023 04:00:56,23.42,3.58,17.83
10.11.2023 05:00:56,17.79,4.69,18.88
10.11.2023 06:00:56,14.45,4.2,21.2
10.11.2023 07:00:56,13.22,4.35,19.13
10.11.2023 08:00:56,14.63,5.12,33.34
10.11.2023 09:00:56,24.6,7.39,62.34
10.11.2023 10:00:56,40.87,9.95,79.81
10.11.2023 11:00:56,46.14,11.91,49.74
10.11.2023 12:00:56,44.74,12.86,31.93
10.11.2023 13:00:56,38.39,9.8,15.05
10.11.2023 14:00:56,32.08,8.02,9.28
10.11.2023 15:00:56,29.2,6.76,7.27
10.11.2023 16:00:56,30.71,7.55,7.59
10.11.2023 17:00:56,35.85,8.77,17.06
10.11.2023 18:00:56,40.99,10.48,28.14
10.11.2023 19:00:56,48.23,13.38,32.19
10.11.2023 20:00:56,59.94,16.09,44.11
10.11.2023 21:00:56,82.28,20.04,93.6
10.11.2023 22:00:56,118.55,26.98,93.61
10.11.2023 23:00:56,145.01,29.34,64.83
11.11.2023 00:00:56,137.68,28.13,70.04
11.11.2023 01:00:56,120.6,25.8,63.16
11.11.2023 02:00:56,0,21,62.93
11.11.2023 03:00:56,0,18.82,74.12
11.11.2023 04:00:56,0,18.11,74.7
11.11.2023 05:00:56,0,17.35,59.21
11.11.2023 06:00:56,0,15.95,55.18
11.11.2023 07:00:56,0,16.62,59.19
11.11.2023 08:00:56,0,16.94,54.14
11.11.2023 09:00:56,0,17.91,117.91
11.11.2023 10:00:56,96.65,21.86,69.92
11.11.2023 11:00:56,85.63,19.74,25.4
11.11.2023 12:00:56,78.37,15.97,9.64
11.11.2023 13:00:56,74.64,14.36,5.54
11.11.2023 14:00:56,78.12,12.15,5.42
11.11.2023 15:00:56,72.95,11.62,5.83
11.11.2023 16:00:56,64.55,12.03,11.35
11.11.2023 17:00:56,62.92,14.2,15.31
11.11.2023 18:00:56,67.87,16.62,28.43
11.11.2023 19:00:56,68.29,16.29,23.67
11.11.2023 20:00:56,63.18,16.66,19.12
11.11.2023 21:00:56,57.86,13.93,16.78
11.11.2023 22:00:56,52.04,12.24,16.95
11.11.2023 23:00:56,48.21,12.17,7.67
12.11.2023 00:00:56,45.72,13.31,6.01
12.11.2023 01:00:56,43.6,13.18,5.11
12.11.2023 02:00:56,40.65,10,4.35
12.11.2023 03:00:56,38.85,9.98,2.65
12.11.2023 04:00:56,37.91,9.68,2.58
12.11.2023 05:00:56,37.27,8.29,2.32
12.11.2023 06:00:56,35.07,10.07,2.59
12.11.2023 07:00:56,35.86,11.74,3.27
12.11.2023 08:00:56,36.84,11.79,5.97
12.11.2023 09:00:56,38.16,11.94,7.48
12.11.2023 10:00:56,36.6,11.79,11.12
12.11.2023 11:00:56,27.53,8.51,5.27
12.11.2023 12:00:56,20.12,3.53,9.94
12.11.2023 13:00:56,18.67,3.64,5.2
12.11.2023 14:00:56,28.32,5.97,4.64
12.11.2023 15:00:56,42.03,13.1,6.1
12.11.2023 16:00:56,47.71,17.43,4.52
12.11.2023 17:00:56,45.22,15.81,10.17
12.11.2023 18:00:56,41,14.86,17.05
12.11.2023 19:00:56,39.25,12.69,22.7
12.11.2023 20:00:56,36.86,10.48,33.97
12.11.2023 21:00:56,33.01,10.73,55.57
12.11.2023 22:00:56,29.98,10.06,49.57
12.11.2023 23:00:56,30.95,8.67,67.02
13.11.2023 00:00:56,29.79,9.84,57.71
13.11.2023 01:00:56,27.58,9.96,39.74
13.11.2023 02:00:56,0,9.02,33.73
13.11.2023 03:00:56,0,7.16,22.77
13.11.2023 04:00:56,0,7.07,19.45
13.11.2023 05:00:56,0,8.49,23.25
13.11.2023 06:00:56,0,9.88,47.37
13.11.2023 07:00:56,0,11.2,31.44
13.11.2023 08:00:56,0,11.34,30.46
13.11.2023 09:00:56,0,10.57,46.94
13.11.2023 10:00:56,0,9.15,54.15
13.11.2023 11:00:56,0,8.83,33.55
13.11.2023 12:00:56,31.49,8.23,22.92
13.11.2023 13:00:56,46.89,9.55,9.91
13.11.2023 14:00:56,59.34,11.96,8.65
13.11.2023 15:00:56,58.59,10.76,10.03
13.11.2023 16:00:56,54.41,10.73,16.43
13.11.2023 17:00:56,56.82,16.27,15.75
13.11.2023 18:00:56,0,18,18.53
13.11.2023 19:00:56,0,16.96,31.88
13.11.2023 20:00:56,0,16.83,17.43
13.11.2023 21:00:56,0,17.18,17.41
13.11.2023 22:00:56,0,14.63,10.15
13.11.2023 23:00:56,0,11.47,13.94
14.11.2023 00:00:56,0,8.1,11.38
14.11.2023 01:00:56,0,5.15,8.63
14.11.2023 02:00:56,0,3.91,10.05
14.11.2023 03:00:56,0,3.75,11.41
14.11.2023 04:00:56,0,2.79,7.36
14.11.2023 05:00:56,0,4.03,6.91
14.11.2023 06:00:56,0,3.36,7.43
14.11.2023 07:00:56,0,4.7,7.96
14.11.2023 08:00:56,0,5.51,12.23
14.11.2023 09:00:56,0,5.45,26.22
14.11.2023 10:00:56,0,6,33.01
14.11.2023 11:00:56,0,5.93,21.27
14.11.2023 12:00:56,0,4.36,0
14.11.2023 13:00:56,14.36,2.3,0
14.11.2023 14:00:56,15.4,0.13,0
14.11.2023 15:00:56,15.05,1.41,0
14.11.2023 16:00:56,14.73,7.1,0.56
14.11.2023 17:00:56,14.51,7.41,0.68
14.11.2023 18:00:56,16.48,8.14,0.74
14.11.2023 19:00:56,17.37,7.62,0.8
14.11.2023 20:00:56,22.74,8.07,0.82
14.11.2023 21:00:56,32.22,10.91,0.84
14.11.2023 22:00:56,40.77,15.53,0.88
14.11.2023 23:00:56,0,18.89,0.9
15.11.2023 00:00:56,0,19.19,0.93
15.11.2023 01:00:56,0,19.19,0.94
15.11.2023 02:00:56,0,17.22,0.99
15.11.2023 03:00:56,0,16.49,1.02
15.11.2023 04:00:56,0,17.15,1.02
15.11.2023 05:00:56,0,13.92,1.07
15.11.2023 06:00:56,0,12.08,1.06
15.11.2023 07:00:56,0,12.42,1.07
15.11.2023 08:00:56,0,10.57,1.06
15.11.2023 09:00:56,0,8.41,1.1
15.11.2023 10:00:56,0,9.44,1.11
15.11.2023 11:00:56,0,11.76,29.59
15.11.2023 12:00:56,45.23,9.91,52.31
15.11.2023 13:00:56,33.32,8,18.25
15.11.2023 14:00:56,23.47,5.81,9.78
15.11.2023 15:00:56,17.14,3.71,11.55
15.11.2023 16:00:56,13.51,3.74,9.16
15.11.2023 17:00:56,11.18,3.14,12.62
15.11.2023 18:00:56,11.86,3.27,44.47
15.11.2023 19:00:56,23.88,6.63,89.32
15.11.2023 20:00:56,39.62,10.74,79.88
15.11.2023 21:00:56,44.6,13.31,57.21
15.11.2023 22:00:56,41.92,14.28,57.49
15.11.2023 23:00:56,39.84,15.5,51.25
16.11.2023 00:00:56,37.14,15.26,55.19
16.11.2023 01:00:56,36.75,14.47,55.63
16.11.2023 02:00:56,41.08,16.96,62.91
16.11.2023 03:00:56,44.45,20.22,66.38
16.11.2023 04:00:56,41.81,20.08,57.7
16.11.2023 05:00:56,35.56,18.03,61.21
16.11.2023 06:00:56,31.13,14.58,52.59
16.11.2023 07:00:56,26.69,12.78,41.68
16.11.2023 08:00:56,21.96,11.73,29.76
16.11.2023 09:00:56,22.85,9.26,69.97
16.11.2023 10:00:56,33.19,14.12,78.19
16.11.2023 11:00:56,38.84,16.35,46.11
16.11.2023 12:00:56,37.84,15.26,22.56
16.11.2023 13:00:56,34.78,14.28,37.74
16.11.2023 14:00:56,30.92,12.63,23.21
16.11.2023 15:00:56,25.36,9.1,25.46
16.11.2023 16:00:56,17.56,5.73,19.07
16.11.2023 17:00:56,14.68,5.26,13.94
16.11.2023 18:00:56,12,4.86,14.12
16.11.2023 19:00:56,10.2,4.17,18.75
16.11.2023 20:00:56,9.49,2.57,20.99
16.11.2023 21:00:56,8.41,3.13,17.22
16.11.2023 22:00:56,7.64,2.93,21.4
16.11.2023 23:00:56,8.81,3.42,31
17.11.2023 00:00:56,10.15,4,44.76
17.11.2023 01:00:56,12.86,6.26,29.9
17.11.2023 02:00:56,14.28,10.54,23.4
17.11.2023 03:00:56,16.36,11.14,22.56
17.11.2023 04:00:56,16.83,9.05,16.05
17.11.2023 05:00:56,17.39,7.97,15.62
17.11.2023 06:00:56,15.92,7.84,11.73
17.11.2023 07:00:56,16,7.57,15.35
17.11.2023 08:00:56,18.08,8.33,24.31
17.11.2023 09:00:56,15.05,6.8,20.79
17.11.2023 10:00:56,13.31,5.09,27.84
17.11.2023 11:00:56,14.83,7.06,23.69
17.11.2023 12:00:56,16.12,7.79,28.27
17.11.2023 13:00:56,15.08,7.69,21.17
17.11.2023 14:00:56,10.85,4.58,19.41
17.11.2023 15:00:56,9.06,5.18,10.63
17.11.2023 16:00:56,9.94,6.9,10.48
17.11.2023 17:00:56,12.31,5.74,12.89
17.11.2023 18:00:56,13.33,5.59,16.76
17.11.2023 19:00:56,16.2,6.48,26.05
17.11.2023 20:00:56,19.06,6.34,39.96
17.11.2023 21:00:56,19.25,7.98,29.27
17.11.2023 22:00:56,18.14,9.05,24.44
17.11.2023 23:00:56,18.49,9.23,22.58
18.11.2023 00:00:56,18.96,9.71,40.52
18.11.2023 01:00:56,23.17,10.48,36
18.11.2023 02:00:56,27.53,12.45,33.1
18.11.2023 03:00:56,30.85,16.67,30.8
18.11.2023 04:00:56,31.54,15.87,33.62
18.11.2023 05:00:56,29.06,14.65,27.57
18.11.2023 06:00:56,25.93,12.87,28.81
18.11.2023 07:00:56,25.43,10.81,43.86
18.11.2023 08:00:56,23.85,9.67,43.1
18.11.2023 09:00:56,26.9,12.17,70
18.11.2023 10:00:56,37.13,15.23,63.49
18.11.2023 11:00:56,42.44,16.65,67.63
18.11.2023 12:00:56,40.19,15.22,42.11
18.11.2023 13:00:56,29.72,14.67,109.01
18.11.2023 14:00:56,38.85,16.36,45.97
18.11.2023 15:00:56,34.19,14.64,14.01
18.11.2023 16:00:56,28.45,11.19,11.84
18.11.2023 17:00:56,20.78,7.84,11.34
18.11.2023 18:00:56,18.9,3.07,180.48
18.11.2023 19:00:56,18.97,0,10.33
18.11.2023 20:00:56,19.27,0,8.12
18.11.2023 21:00:56,13.94,0.75,9.81
18.11.2023 22:00:56,9.47,2.64,14.41
18.11.2023 23:00:56,7.14,4.76,15.47
19.11.2023 00:00:56,0,0,0
19.11.2023 01:00:56,0,0,0
19.11.2023 02:00:56,0,0,0
19.11.2023 03:00:56,0,0,0
19.11.2023 04:00:56,0,0,0
19.11.2023 05:00:56,0,0,0
19.11.2023 06:00:56,0,0,0
19.11.2023 07:00:56,0,0,0
19.11.2023 08:00:56,0,0,0
19.11.2023 09:00:56,0,0,0
19.11.2023 10:00:56,0,0,0
19.11.2023 11:00:56,0,0,0
19.11.2023 12:00:56,0,0,0
19.11.2023 13:00:56,0,0,0
19.11.2023 14:00:56,0,0,0
19.11.2023 15:00:56,0,0,0
19.11.2023 16:00:56,0,0,0
19.11.2023 17:00:56,0,0,0
19.11.2023 18:00:56,0,0,0
19.11.2023 19:00:56,0,0,0
19.11.2023 20:00:56,0,0,0
19.11.2023 21:00:56,0,0,0
19.11.2023 22:00:56,0,0,0
19.11.2023 23:00:56,0,0,0
20.11.2023 00:00:56,0,0,0
20.11.2023 01:00:56,0,0,0
20.11.2023 02:00:56,0,0,0
20.11.2023 03:00:56,0,0,0
20.11.2023 04:00:56,0,0,0
20.11.2023 05:00:56,0,0,0
20.11.2023 06:00:56,0,0,0
20.11.2023 07:00:56,0,0,0
20.11.2023 08:00:56,0,0,0
20.11.2023 09:00:56,0,0,0
20.11.2023 10:00:56,0,0,0
20.11.2023 11:00:56,0,0,0
20.11.2023 12:00:56,0,0,6.1
20.11.2023 13:00:56,0,0,7.52
20.11.2023 14:00:56,0,0,8.79
20.11.2023 15:00:56,0,0,13.7
20.11.2023 16:00:56,0,0,13.91
20.11.2023 17:00:56,0,0,9.23
20.11.2023 18:00:56,0,0,10.5
20.11.2023 19:00:56,0,0,11.95
20.11.2023 20:00:56,0,0,10.7
20.11.2023 21:00:56,0,0,7.92
20.11.2023 22:00:56,0,0,9.32
20.11.2023 23:00:56,0,0,10.48
21.11.2023 00:00:56,0.61,0,8.77
21.11.2023 01:00:56,5.02,0.4,15.2
21.11.2023 02:00:56,10.15,4.82,12.91
21.11.2023 03:00:56,11.02,8.05,12.9
21.11.2023 04:00:56,12.27,8.85,11.87
21.11.2023 05:00:56,13.99,8.99,6.92
21.11.2023 06:00:56,14.88,7.54,9.44
21.11.2023 07:00:56,15.84,7.71,14.06
21.11.2023 08:00:56,18.53,9.03,18.35
21.11.2023 09:00:56,23.33,12.14,52.89
21.11.2023 10:00:56,30.72,14.62,53.56
21.11.2023 11:00:56,30.55,14.45,21.98
21.11.2023 12:00:56,21.61,9.18,19.7
21.11.2023 13:00:56,13.61,5.4,8.49
21.11.2023 14:00:56,8.92,2.66,12.27
21.11.2023 15:00:56,10.25,3.26,9.38
21.11.2023 16:00:56,10.05,2.37,8.28
21.11.2023 17:00:56,11.75,3.63,7.7
21.11.2023 18:00:56,17.33,6.94,36.38
21.11.2023 19:00:56,30.69,12.53,80.88
21.11.2023 20:00:56,48.53,19.35,110.36
21.11.2023 21:00:56,65.99,27.55,127.14
21.11.2023 22:00:56,88.14,34.07,99.87
21.11.2023 23:00:56,94.09,32.94,88.84
22.11.2023 00:00:56,81.72,27.9,81.43
22.11.2023 01:00:56,67.16,22.79,69.39
22.11.2023 02:00:56,54.86,16.98,66.74
22.11.2023 03:00:56,50.61,17.11,51.46
22.11.2023 04:00:56,49.19,20.23,40.86
22.11.2023 05:00:56,49.25,22.79,41.98
22.11.2023 06:00:56,49.41,23.22,38.9
22.11.2023 07:00:56,48.47,23.2,33.6
22.11.2023 08:00:56,48.73,23.14,40.86
22.11.2023 09:00:56,53.36,23.85,69.26
22.11.2023 10:00:56,75.94,31.7,133
22.11.2023 11:00:56,90.01,37.47,67.36
22.11.2023 12:00:56,93.57,36.86,52.14
22.11.2023 13:00:56,83.14,31.16,29.01
22.11.2023 14:00:56,66.79,23.21,20.77
22.11.2023 15:00:56,50.31,15.94,19.86
22.11.2023 16:00:56,37.89,12.02,15.54
22.11.2023 17:00:56,30.64,9.69,18.83
22.11.2023 18:00:56,28.86,9.76,32.25
22.11.2023 19:00:56,36.54,12.54,47.47
22.11.2023 20:00:56,41.13,14.22,36.51
22.11.2023 21:00:56,38.65,14.46,38.15
22.11.2023 22:00:56,36.41,14.84,57.13
22.11.2023 23:00:56,37.57,15.79,46.46
23.11.2023 00:00:56,36.73,13.91,58.3
23.11.2023 01:00:56,31.78,12.09,49.23
23.11.2023 02:00:56,27.65,12.76,45.85
23.11.2023 03:00:56,33.04,18.01,39.44
23.11.2023 04:00:56,34.79,20.48,39.1
23.11.2023 05:00:56,35.72,21.27,43.27
23.11.2023 06:00:56,34.18,19.63,41.01
23.11.2023 07:00:56,34.34,20.92,38.83
23.11.2023 08:00:56,37.73,24.22,47.7
23.11.2023 09:00:56,41.22,26.58,101.35
23.11.2023 10:00:56,49.81,31.4,67.5
23.11.2023 11:00:56,42.87,26.66,51.76
23.11.2023 12:00:56,31.69,18.13,83.32
23.11.2023 13:00:56,19.07,9.79,13.18
23.11.2023 14:00:56,10.61,3.31,14.88
23.11.2023 15:00:56,9.52,3.38,15.58
23.11.2023 16:00:56,11.04,5.14,15.6
23.11.2023 17:00:56,14.47,6.05,15.77
23.11.2023 18:00:56,16.99,8.36,30.88
23.11.2023 19:00:56,27.85,13.61,80.73
23.11.2023 20:00:56,42.22,17.81,65.86
23.11.2023 21:00:56,47.23,17.9,87.13
23.11.2023 22:00:56,49.48,18.41,100.01
23.11.2023 23:00:56,49.66,19.53,90.3
24.11.2023 00:00:56,48.52,20.31,84.54
24.11.2023 01:00:56,45.36,19.94,84.85
24.11.2023 02:00:56,42.81,18.01,79.16
24.11.2023 03:00:56,39.45,19.23,69.8
24.11.2023 04:00:56,31.98,17.46,70.86
24.11.2023 05:00:56,28.74,17.99,82.95
24.11.2023 06:00:56,25.79,17.89,74.31
24.11.2023 07:00:56,24.05,15.47,64.9
24.11.2023 08:00:56,22.04,14.31,60.49
24.11.2023 09:00:56,23.17,13.26,72.74
24.11.2023 10:00:56,31.93,18.54,64.48
24.11.2023 11:00:56,37.06,20.76,36.23
24.11.2023 12:00:56,36.37,20.15,14.69
24.11.2023 13:00:56,28.63,15.86,0
24.11.2023 14:00:56,21.45,10.47,9.67
24.11.2023 15:00:56,18.64,10.06,5.53
24.11.2023 16:00:56,16.05,9.61,8.51
24.11.2023 17:00:56,15.19,5.43,10.15
24.11.2023 18:00:56,17.85,6.07,29.44
24.11.2023 19:00:56,29.59,14.32,69.96
24.11.2023 20:00:56,42.71,19.7,37.26
24.11.2023 21:00:56,50.96,22.33,36.72
24.11.2023 22:00:56,51.93,24.2,19.98
24.11.2023 23:00:56,42.62,19.54,16.71
25.11.2023 00:00:56,32.58,13.37,13.46
25.11.2023 01:00:56,26.91,9.91,10.33
25.11.2023 02:00:56,20.69,7.39,13.84
25.11.2023 03:00:56,19.66,8.73,16.23
25.11.2023 04:00:56,21.75,12.96,12.05
25.11.2023 05:00:56,23.71,13.49,8.8
25.11.2023 06:00:56,22.43,11.2,6.69
25.11.2023 07:00:56,16.84,8.23,16.83
25.11.2023 08:00:56,15.28,7.13,11.11
25.11.2023 09:00:56,16.17,7.65,6.76
25.11.2023 10:00:56,18.17,9.15,6.43
25.11.2023 11:00:56,19.44,10.84,7.66
25.11.2023 12:00:56,19,10.91,6.66
25.11.2023 13:00:56,13.2,6.53,5.04
25.11.2023 14:00:56,9.17,1.92,4.88
25.11.2023 15:00:56,12.79,1.94,5.56
25.11.2023 16:00:56,13.05,4.97,8.28
25.11.2023 17:00:56,15.83,6.77,10.03
25.11.2023 18:00:56,14.78,6.13,5.99
25.11.2023 19:00:56,12.4,3.69,4.51
25.11.2023 20:00:56,10.06,2.38,3.3
25.11.2023 21:00:56,6.98,2.56,4.83
25.11.2023 22:00:56,6.26,1.52,3.3
25.11.2023 23:00:56,5.72,1.22,3.22
26.11.2023 00:00:56,5.23,1.69,2.54
26.11.2023 01:00:56,6.34,0.87,2.29
26.11.2023 02:00:56,9.54,4.45,4.14
26.11.2023 03:00:56,10.97,4.67,3.13
26.11.2023 04:00:56,12.47,5.66,3.04
26.11.2023 05:00:56,15.79,6.19,4.31
26.11.2023 06:00:56,19.67,8.76,3.43
26.11.2023 07:00:56,27.92,9.53,2.56
26.11.2023 08:00:56,36.94,10,3.43
26.11.2023 09:00:56,44.47,12.29,3.04
26.11.2023 10:00:56,46.39,11.83,3.58
26.11.2023 11:00:56,38.6,7.91,3.11
26.11.2023 12:00:56,30.96,7.13,4.81
26.11.2023 13:00:56,24.81,6.08,3.39
26.11.2023 14:00:56,16.84,5.11,3.78
26.11.2023 15:00:56,11.05,3.48,3.37
26.11.2023 16:00:56,8.49,2.18,3.54
26.11.2023 17:00:56,7.46,2.03,5.07
26.11.2023 18:00:56,6.4,3.24,6.02
26.11.2023 19:00:56,8.04,4.53,8.09
26.11.2023 20:00:56,7.16,2.91,9.13
26.11.2023 21:00:56,6.23,3.2,11.61
26.11.2023 22:00:56,4.5,3.72,9.55
26.11.2023 23:00:56,6.08,2.89,6.75
27.11.2023 00:00:56,7.36,4.14,8.87
27.11.2023 01:00:56,5.69,3.22,7.62
27.11.2023 02:00:56,2.62,1.75,5.66
27.11.2023 03:00:56,3.2,1.99,5.35
27.11.2023 04:00:56,4.91,1.65,5.07
27.11.2023 05:00:56,6.03,2.91,4.96
27.11.2023 06:00:56,5.75,3.84,4.76
27.11.2023 07:00:56,6.77,2.99,4.27
27.11.2023 08:00:56,8.85,3.9,6.83
27.11.2023 09:00:56,10.99,4.78,10.29
27.11.2023 10:00:56,17.24,7.99,8.81
27.11.2023 11:00:56,15.14,7.43,7.41
27.11.2023 12:00:56,12.18,5.98,8.55
27.11.2023 13:00:56,11.47,6.25,6.68
27.11.2023 14:00:56,8.73,3.94,5
27.11.2023 15:00:56,7.52,2.5,3.34
27.11.2023 16:00:56,7.41,2.79,5.47
27.11.2023 17:00:56,8.55,5.03,5.68
27.11.2023 18:00:56,10.83,5.67,7.19
27.11.2023 19:00:56,11.46,6.6,9.27
27.11.2023 20:00:56,12.97,6.82,9.87
27.11.2023 21:00:56,13.21,8.02,9.97
27.11.2023 22:00:56,14.96,7.5,9.63
27.11.2023 23:00:56,15.21,8.28,10.46
28.11.2023 00:00:56,15.62,9.11,18.9
28.11.2023 01:00:56,15.7,8.48,17.89
28.11.2023 02:00:56,18.7,9.71,12.92
28.11.2023 03:00:56,19.74,10.89,19.19
28.11.2023 04:00:56,20.71,10.19,42.73
28.11.2023 05:00:56,21.65,12.39,44.39
28.11.2023 06:00:56,21.6,13.35,37.57
28.11.2023 07:00:56,19.03,11.41,31.86
28.11.2023 08:00:56,20.3,10.24,49.49
28.11.2023 09:00:56,26.41,13.07,96.88
28.11.2023 10:00:56,47.37,20.18,46.47
28.11.2023 11:00:56,44.91,18.66,16.73
28.11.2023 12:00:56,31.92,12.13,7.77
28.11.2023 13:00:56,20.19,6.82,6.51
28.11.2023 14:00:56,13.01,3.93,5.62
28.11.2023 15:00:56,8.4,1.54,5.42
28.11.2023 16:00:56,5.85,2,6.88
28.11.2023 17:00:56,6.56,4.66,11
28.11.2023 18:00:56,10.66,4.9,21.41
28.11.2023 19:00:56,15.84,4.95,27.68
28.11.2023 20:00:56,19.89,8.04,19.73
28.11.2023 21:00:56,19.56,8.94,26.01
28.11.2023 22:00:56,18.56,7.67,32.13
28.11.2023 23:00:56,17.53,6.81,23.2
29.11.2023 00:00:56,17.57,7.11,14.08
29.11.2023 01:00:56,16.24,6.8,15.34
29.11.2023 02:00:56,15.14,8.52,14.86
29.11.2023 03:00:56,15.18,8.3,7.28
29.11.2023 04:00:56,15.79,8.55,6.16
29.11.2023 05:00:56,16,9.89,5.34
29.11.2023 06:00:56,14.33,7.95,5.31
29.11.2023 07:00:56,13.36,5.78,5.21
29.11.2023 08:00:56,11.8,5.16,7.14
29.11.2023 09:00:56,9.94,5.57,12.91
29.11.2023 10:00:56,9.75,5.45,11.89
29.11.2023 11:00:56,10.68,5.41,8.84
29.11.2023 12:00:56,8.97,4.05,8.92
29.11.2023 13:00:56,7.23,3.44,6.84
29.11.2023 14:00:56,8.33,4.99,10.86
29.11.2023 15:00:56,8.8,5.02,11.12
29.11.2023 16:00:56,8.79,4.17,12.46
29.11.2023 17:00:56,8.43,4.26,12.12
29.11.2023 18:00:56,8.74,3.75,14.32
29.11.2023 19:00:56,10.95,5.43,12.47
29.11.2023 20:00:56,15.09,6.21,12.01
29.11.2023 21:00:56,18.07,9.81,13.73
29.11.2023 22:00:56,20.27,12.53,8.79
29.11.2023 23:00:56,20.26,13.64,10.36
30.11.2023 00:00:56,19.85,11.51,7.4
